{
  "logistic_regression": {
    "accuracy": 0.7585978835978836,
    "precision": 0.10886075949367088,
    "recall": 0.7678571428571429,
    "f1": 0.19068736141906872,
    "roc_auc": 0.8383229493720565
  },
  "random_forest": {
    "accuracy": 0.96494708994709,
    "precision": 0.5483870967741935,
    "recall": 0.30357142857142855,
    "f1": 0.39080459770114945,
    "roc_auc": 0.9440124607535323
  },
  "xgboost": {
    "accuracy": 0.9556878306878307,
    "precision": 0.43956043956043955,
    "recall": 0.7142857142857143,
    "f1": 0.54421768707483,
    "roc_auc": 0.9481149430926216
  }
}